{
  "_id": {
    "$oid": "585d938d61abd85fd14567ce"
  },
  "customerID": 1001,
  "companyName": "Alfreds Futterkiste",
  "address": "Obere Str. 57",
  "city": "Berlin",
  "region": "",
  "postalCode": 12209,
  "country": "Germany",
  "phone": "030-0074321",
  "givenName": "Maria",
  "familyName": "Anders",
  "email": "Maria.Anders@hotmail.co.uk"
}
{
  "_id": {
    "$oid": "585d938d61abd85fd14567cf"
  },
  "customerID": 1003,
  "companyName": "Antonio Moreno Taquería",
  "address": "Mataderos  2312",
  "city": "México D.F.",
  "region": "",
  "postalCode": 5023,
  "country": "Mexico",
  "phone": "(5) 555-3932",
  "givenName": "Antonio",
  "familyName": "Moreno",
  "email": "Antonio.Moreno@mail.com"
}
{
  "_id": {
    "$oid": "585d938d61abd85fd14567d0"
  },
  "customerID": 1004,
  "companyName": "Around the Horn",
  "address": "120 Hanover Sq.",
  "city": "London",
  "region": "",
  "postalCode": "WA1 1DP",
  "country": "UK",
  "phone": "(171) 555-7788",
  "givenName": "Thomas",
  "familyName": "Hardy",
  "email": "Thomas.Hardy@mail.com"
}
{
  "_id": {
    "$oid": "585d938d61abd85fd14567d1"
  },
  "customerID": 1005,
  "companyName": "Berglunds snabbköp",
  "address": "Berguvsvägen  8",
  "city": "Luleå",
  "region": "",
  "postalCode": "S-958 22",
  "country": "Sweden",
  "phone": "0921-12 34 65",
  "givenName": "Christina",
  "familyName": "Berglund",
  "email": "Christina.Berglund@att.net"
}
{
  "_id": {
    "$oid": "585d938d61abd85fd14567d2"
  },
  "customerID": 1006,
  "companyName": "Blauer See Delikatessen",
  "address": "Forsterstr. 57",
  "city": "Mannheim",
  "region": "",
  "postalCode": 68306,
  "country": "Germany",
  "phone": "0621-08460",
  "givenName": "Hanna",
  "familyName": "Moos",
  "email": "Hanna.Moos@msn.com"
}
{
  "_id": {
    "$oid": "585d938d61abd85fd14567d3"
  },
  "customerID": 1002,
  "companyName": "Ana Trujillo Emparedados y helados",
  "address": "Avda. de la Constitución 2222",
  "city": "México D.F.",
  "region": "",
  "postalCode": 5021,
  "country": "Mexico",
  "phone": "(5) 555-4729",
  "givenName": "Ana",
  "familyName": "Trujillo",
  "email": "Ana.Trujillo@sbcglobal.net"
}
{
  "_id": {
    "$oid": "585d938d61abd85fd14567d4"
  },
  "customerID": 1007,
  "companyName": "Blondesddsl père et fils",
  "address": "24 place Kléber",
  "city": "Strasbourg",
  "region": "",
  "postalCode": 67000,
  "country": "France",
  "phone": "88.60.15.31",
  "givenName": "Frédérique",
  "familyName": "Citeaux",
  "email": "Frédérique.Citeaux@google.com"
}
{
  "_id": {
    "$oid": "585d938d61abd85fd14567d5"
  },
  "customerID": 1008,
  "companyName": "Bólido Comidas preparadas",
  "address": "C/ Araquil 67",
  "city": "Madrid",
  "region": "",
  "postalCode": 28023,
  "country": "Spain",
  "phone": "(91) 555 22 82",
  "givenName": "Martín",
  "familyName": "Sommer",
  "email": "Martín.Sommer@facebook.com"
}
{
  "_id": {
    "$oid": "585d938d61abd85fd14567d6"
  },
  "customerID": 1009,
  "companyName": "Bon app'",
  "address": "12 rue des Bouchers",
  "city": "Marseille",
  "region": "",
  "postalCode": 13008,
  "country": "France",
  "phone": "91.24.45.40",
  "givenName": "Laurence",
  "familyName": "Lebihan",
  "email": "Laurence.Lebihan@me.com"
}
{
  "_id": {
    "$oid": "585d938d61abd85fd14567d7"
  },
  "customerID": 1010,
  "companyName": "Bottom-Dollar Markets",
  "address": "23 Tsawassen Blvd.",
  "city": "Tsawassen",
  "region": "BC",
  "postalCode": "T2F 8M4",
  "country": "Canada",
  "phone": "(604) 555-4729",
  "givenName": "Elizabeth",
  "familyName": "Lincoln",
  "email": "Elizabeth.Lincoln@comcast.net"
}
{
  "_id": {
    "$oid": "585d938d61abd85fd14567d8"
  },
  "customerID": 1011,
  "companyName": "B's Beverages",
  "address": "Fauntleroy Circus",
  "city": "London",
  "region": "",
  "postalCode": "EC2 5NT",
  "country": "UK",
  "phone": "(171) 555-1212",
  "givenName": "Victoria",
  "familyName": "Ashworth",
  "email": "Victoria.Ashworth@yahoo.com"
}
{
  "_id": {
    "$oid": "585d938d61abd85fd14567d9"
  },
  "customerID": 1012,
  "companyName": "Cactus Comidas para llevar",
  "address": "Cerrito 333",
  "city": "Buenos Aires",
  "region": "",
  "postalCode": 1010,
  "country": "Argentina",
  "phone": "(1) 135-5555",
  "givenName": "Patricio",
  "familyName": "Simpson",
  "email": "Patricio.Simpson@msn.com"
}
{
  "_id": {
    "$oid": "585d938d61abd85fd14567da"
  },
  "customerID": 1013,
  "companyName": "Centro comercial Moctezuma",
  "address": "Sierras de Granada 9993",
  "city": "México D.F.",
  "region": "",
  "postalCode": 5022,
  "country": "Mexico",
  "phone": "(5) 555-3392",
  "givenName": "Francisco",
  "familyName": "Chang",
  "email": "Francisco.Chang@google.com"
}
{
  "_id": {
    "$oid": "585d938d61abd85fd14567db"
  },
  "customerID": 1014,
  "companyName": "Chop-suey Chinese",
  "address": "Hauptstr. 29",
  "city": "Bern",
  "region": "",
  "postalCode": 3012,
  "country": "Switzerland",
  "phone": "0452-076545",
  "givenName": "Yang",
  "familyName": "Wang",
  "email": "Yang.Wang@mac.com"
}
{
  "_id": {
    "$oid": "585d938d61abd85fd14567dc"
  },
  "customerID": 1015,
  "companyName": "Comércio Mineiro",
  "address": "Av. dos Lusíadas #23",
  "city": "Sao Paulo",
  "region": "SP",
  "postalCode": "05432-043",
  "country": "Brazil",
  "phone": "(11) 555-7647",
  "givenName": "Pedro",
  "familyName": "Afonso",
  "email": "Pedro.Afonso@verizon.net"
}
{
  "_id": {
    "$oid": "585d938d61abd85fd14567dd"
  },
  "customerID": 1016,
  "companyName": "Consolidated Holdings",
  "address": "Berkeley Gardens 12  Brewery",
  "city": "London",
  "region": "",
  "postalCode": "WX1 6LT",
  "country": "UK",
  "phone": "(171) 555-2282",
  "givenName": "Elizabeth",
  "familyName": "Brown",
  "email": "Elizabeth.Brown@gmail.com"
}
{
  "_id": {
    "$oid": "585d938d61abd85fd14567de"
  },
  "customerID": 1017,
  "companyName": "Drachenblut Delikatessen",
  "address": "Walserweg 21",
  "city": "Aachen",
  "region": "",
  "postalCode": 52066,
  "country": "Germany",
  "phone": "0241-039123",
  "givenName": "Sven",
  "familyName": "Ottlieb",
  "email": "Sven.Ottlieb@gmx.com"
}
{
  "_id": {
    "$oid": "585d938d61abd85fd14567df"
  },
  "customerID": 1018,
  "companyName": "Du monde entier",
  "address": "67 rue des Cinquante Otages",
  "city": "Nantes",
  "region": "",
  "postalCode": 44000,
  "country": "France",
  "phone": "40.67.88.88",
  "givenName": "Janine",
  "familyName": "Labrune",
  "email": "Janine.Labrune@comcast.net"
}
{
  "_id": {
    "$oid": "585d938d61abd85fd14567e0"
  },
  "customerID": 1019,
  "companyName": "Eastern Connection",
  "address": "35 King George",
  "city": "London",
  "region": "",
  "postalCode": "WX3 6FW",
  "country": "UK",
  "phone": "(171) 555-0297",
  "givenName": "Ann",
  "familyName": "Devon",
  "email": "Ann.Devon@comcast.net"
}
{
  "_id": {
    "$oid": "585d938d61abd85fd14567e1"
  },
  "customerID": 1020,
  "companyName": "Ernst Handel",
  "address": "Kirchgasse 6",
  "city": "Graz",
  "region": "",
  "postalCode": 8010,
  "country": "Austria",
  "phone": "7675-3425",
  "givenName": "Roland",
  "familyName": "Mendel",
  "email": "Roland.Mendel@comcast.net"
}
{
  "_id": {
    "$oid": "585d938d61abd85fd14567e2"
  },
  "customerID": 1021,
  "companyName": "Familia Arquibaldo",
  "address": "Rua Orós 92",
  "city": "Sao Paulo",
  "region": "SP",
  "postalCode": "05442-030",
  "country": "Brazil",
  "phone": "(11) 555-9857",
  "givenName": "Aria",
  "familyName": "Cruz",
  "email": "Aria.Cruz@facebook.com"
}
{
  "_id": {
    "$oid": "585d938d61abd85fd14567e3"
  },
  "customerID": 1022,
  "companyName": "1022 Fabrica Inter. Salchichas S.A.",
  "address": "C/ Moralzarzal 86",
  "city": "Madrid",
  "region": "",
  "postalCode": 28034,
  "country": "Spain",
  "phone": "(91) 555 94 44",
  "givenName": "Diego",
  "familyName": "Roel",
  "email": "Diego.Roel@verizon.net"
}
{
  "_id": {
    "$oid": "585d938d61abd85fd14567e4"
  },
  "customerID": 1023,
  "companyName": "Folies gourmandes",
  "address": "184 chaussée de Tournai",
  "city": "Lille",
  "region": "",
  "postalCode": 59000,
  "country": "France",
  "phone": "20.16.10.16",
  "givenName": "Martine",
  "familyName": "Rancé",
  "email": "Martine.Rancé@live.com"
}
{
  "_id": {
    "$oid": "585d938d61abd85fd14567e5"
  },
  "customerID": 1024,
  "companyName": "Folk och fä HB",
  "address": "Åkergatan 24",
  "city": "Bräcke",
  "region": "",
  "postalCode": "S-844 67",
  "country": "Sweden",
  "phone": "0695-34 67 21",
  "givenName": "Maria",
  "familyName": "Larsson",
  "email": "Maria.Larsson@yahoo.com"
}
{
  "_id": {
    "$oid": "585d938d61abd85fd14567e6"
  },
  "customerID": 1025,
  "companyName": "Frankenversand",
  "address": "Berliner Platz 43",
  "city": "München",
  "region": "",
  "postalCode": 80805,
  "country": "Germany",
  "phone": "089-0877310",
  "givenName": "Peter",
  "familyName": "Franken",
  "email": "Peter.Franken@facebook.com"
}
{
  "_id": {
    "$oid": "585d938d61abd85fd14567e7"
  },
  "customerID": 1026,
  "companyName": "France restauration",
  "address": "54 rue Royale",
  "city": "Nantes",
  "region": "",
  "postalCode": 44000,
  "country": "France",
  "phone": "40.32.21.21",
  "givenName": "Carine",
  "familyName": "Schmitt",
  "email": "Carine.Schmitt@google.com"
}
{
  "_id": {
    "$oid": "585d938d61abd85fd14567e8"
  },
  "customerID": 1028,
  "companyName": "Furia Bacalhau e Frutos do Mar",
  "address": "Jardim das rosas n. 32",
  "city": "Lisboa",
  "region": "",
  "postalCode": 1675,
  "country": "Portugal",
  "phone": "(1) 354-2534",
  "givenName": "Lino",
  "familyName": "Rodriguez",
  "email": "Lino.Rodriguez@sbcglobal.net"
}
{
  "_id": {
    "$oid": "585d938d61abd85fd14567e9"
  },
  "customerID": 1027,
  "companyName": "Franchi S.p.A.",
  "address": "Via Monte Bianco 34",
  "city": "Torino",
  "region": "",
  "postalCode": 10100,
  "country": "Italy",
  "phone": "011-4988260",
  "givenName": "Paolo",
  "familyName": "Accorti",
  "email": "Paolo.Accorti@hotmail.com"
}
{
  "_id": {
    "$oid": "585d938d61abd85fd14567ea"
  },
  "customerID": 1029,
  "companyName": "Galería del gastrónomo",
  "address": "Rambla de Cataluña 23",
  "city": "Barcelona",
  "region": "",
  "postalCode": 8022,
  "country": "Spain",
  "phone": "(93) 203 4560",
  "givenName": "Eduardo",
  "familyName": "Saavedra",
  "email": "Eduardo.Saavedra@comcast.net"
}
{
  "_id": {
    "$oid": "585d938d61abd85fd14567eb"
  },
  "customerID": 1030,
  "companyName": "Godos Cocina Típica",
  "address": "C/ Romero 33",
  "city": "Sevilla",
  "region": "",
  "postalCode": 41101,
  "country": "Spain",
  "phone": "(95) 555 82 82",
  "givenName": "José",
  "familyName": "Freyre",
  "email": "José.Pedro@yahoo.com"
}
{
  "_id": {
    "$oid": "585d938d61abd85fd14567ec"
  },
  "customerID": 1031,
  "companyName": "Gourmet Lanchonetes",
  "address": "Av. Brasil 442",
  "city": "Campinas",
  "region": "SP",
  "postalCode": "04876-786",
  "country": "Brazil",
  "phone": "(11) 555-9482",
  "givenName": "André",
  "familyName": "Fonseca",
  "email": "André.Fonseca@google.com"
}
{
  "_id": {
    "$oid": "585d938d61abd85fd14567ed"
  },
  "customerID": 1032,
  "companyName": "Great Lakes Food Market",
  "address": "2732 Baker Blvd.",
  "city": "Eugene",
  "region": "OR",
  "postalCode": 97403,
  "country": "USA",
  "phone": "(503) 555-7555",
  "givenName": "Howard",
  "familyName": "Snyder",
  "email": "Howard.Snyder@msn.com"
}
{
  "_id": {
    "$oid": "585d938d61abd85fd14567ee"
  },
  "customerID": 1033,
  "companyName": "GROSELLA-Restaurante",
  "address": "5ª Ave. Los Palos Grandes",
  "city": "Caracas",
  "region": "DF",
  "postalCode": 1081,
  "country": "Venezuela",
  "phone": "(2) 283-2951",
  "givenName": "Manuel",
  "familyName": "Pereira",
  "email": "Manuel.Pereira@live.com"
}
{
  "_id": {
    "$oid": "585d938d61abd85fd14567ef"
  },
  "customerID": 1034,
  "companyName": "Hanari Carnes",
  "address": "Rua do Paço 67",
  "city": "Rio de Janeiro",
  "region": "RJ",
  "postalCode": "05454-876",
  "country": "Brazil",
  "phone": "(21) 555-0091",
  "givenName": "Mario",
  "familyName": "Pontes",
  "email": "Mario.Pontes@verizon.net"
}
{
  "_id": {
    "$oid": "585d938d61abd85fd14567f0"
  },
  "customerID": 1035,
  "companyName": "HILARION-Abastos",
  "address": "Carrera 22 con Ave. Carlos Soublette #8-35",
  "city": "San Cristóbal",
  "region": "Táchira",
  "postalCode": 5022,
  "country": "Venezuela",
  "phone": "(5) 555-1340",
  "givenName": "Carlos",
  "familyName": "Hernández",
  "email": "Carlos.Hernández@att.net"
}
{
  "_id": {
    "$oid": "585d938d61abd85fd14567f1"
  },
  "customerID": 1036,
  "companyName": "Hungry Coyote Import Store",
  "address": "City Center Plaza 516 Main St.",
  "city": "Elgin",
  "region": "OR",
  "postalCode": 97827,
  "country": "USA",
  "phone": "(503) 555-6874",
  "givenName": "Yoshi",
  "familyName": "Latimer",
  "email": "Yoshi.Latimer@google.com"
}
{
  "_id": {
    "$oid": "585d938d61abd85fd14567f2"
  },
  "customerID": 1038,
  "companyName": "Island Trading",
  "address": "Garden House Crowther Way",
  "city": "Cowes",
  "region": "Isle of Wight",
  "postalCode": "PO31 7PJ",
  "country": "UK",
  "phone": "(198) 555-8888",
  "givenName": "Helen",
  "familyName": "Bennett",
  "email": "Helen.Bennett@yahoo.com"
}
{
  "_id": {
    "$oid": "585d938d61abd85fd14567f3"
  },
  "customerID": 1037,
  "companyName": "Hungry Owl All-Night Grocers",
  "address": "8 Johnstown Road",
  "city": "Cork",
  "region": "Co. Cork",
  "postalCode": "",
  "country": "Ireland",
  "phone": "2967 542",
  "givenName": "Patricia",
  "familyName": "McKenna",
  "email": "Patricia.McKenna@google.com"
}
{
  "_id": {
    "$oid": "585d938d61abd85fd14567f4"
  },
  "customerID": 1039,
  "companyName": "Königlich Essen",
  "address": "Maubelstr. 90",
  "city": "Brandenburg",
  "region": "",
  "postalCode": 14776,
  "country": "Germany",
  "phone": "0555-09876",
  "givenName": "Philip",
  "familyName": "Cramer",
  "email": "Philip.Cramer@googlemail.com"
}
{
  "_id": {
    "$oid": "585d938d61abd85fd14567f5"
  },
  "customerID": 1040,
  "companyName": "La corne d'abondance",
  "address": "67 avenue de l'Europe",
  "city": "Versailles",
  "region": "",
  "postalCode": 78000,
  "country": "France",
  "phone": "30.59.84.10",
  "givenName": "Daniel",
  "familyName": "Tonini",
  "email": "Daniel.Tonini@mail.com"
}
{
  "_id": {
    "$oid": "585d938d61abd85fd14567f6"
  },
  "customerID": 1041,
  "companyName": "La maison d'Asie",
  "address": "1 rue Alsace-Lorraine",
  "city": "Toulouse",
  "region": "",
  "postalCode": 31000,
  "country": "France",
  "phone": "61.77.61.10",
  "givenName": "Annette",
  "familyName": "Roulet",
  "email": "Annette.Roulet@google.com"
}
{
  "_id": {
    "$oid": "585d938d61abd85fd14567f7"
  },
  "customerID": 1042,
  "companyName": "Laughing Bacchus Wine Cellars",
  "address": "1900 Oak St.",
  "city": "Vancouver",
  "region": "BC",
  "postalCode": "V3F 2K1",
  "country": "Canada",
  "phone": "(604) 555-3392",
  "givenName": "Yoshi",
  "familyName": "Tannamuri",
  "email": "Yoshi.Tannamuri@googlemail.com"
}
{
  "_id": {
    "$oid": "585d938d61abd85fd14567f8"
  },
  "customerID": 1044,
  "companyName": "Lehmanns Marktstand",
  "address": "Magazinweg 7",
  "city": "Frankfurt a.M.",
  "region": "",
  "postalCode": 60528,
  "country": "Germany",
  "phone": "069-0245984",
  "givenName": "Renate",
  "familyName": "Messner",
  "email": "Renate.Messner@att.net"
}
{
  "_id": {
    "$oid": "585d938d61abd85fd14567f9"
  },
  "customerID": 1043,
  "companyName": "Lazy K Kountry Store",
  "address": "12 Orchestra Terrace",
  "city": "Walla Walla",
  "region": "WA",
  "postalCode": 99362,
  "country": "USA",
  "phone": "(509) 555-7969",
  "givenName": "John",
  "familyName": "Steel",
  "email": "John.Steel@live.com"
}
{
  "_id": {
    "$oid": "585d938d61abd85fd14567fa"
  },
  "customerID": 1045,
  "companyName": "Let's Stop N Shop",
  "address": "87 Polk St. Suite 5",
  "city": "San Francisco",
  "region": "CA",
  "postalCode": 94117,
  "country": "USA",
  "phone": "(415) 555-5938",
  "givenName": "Jaime",
  "familyName": "Yorres",
  "email": "Jaime.Yorres@hotmail.co.uk"
}
{
  "_id": {
    "$oid": "585d938d61abd85fd14567fb"
  },
  "customerID": 1046,
  "companyName": "LILA-Supermercado",
  "address": "Carrera 52 con Ave. Bolívar #65-98 Llano Largo",
  "city": "Barquisimeto",
  "region": "Lara",
  "postalCode": 3508,
  "country": "Venezuela",
  "phone": "(9) 331-6954",
  "givenName": "Carlos",
  "familyName": "González",
  "email": "Carlos.González@att.net"
}
{
  "_id": {
    "$oid": "585d938d61abd85fd14567fc"
  },
  "customerID": 1047,
  "companyName": "LINO-Delicateses",
  "address": "Ave. 5 de Mayo Porlamar",
  "city": "I. de Margarita",
  "region": "Nueva Esparta",
  "postalCode": 4980,
  "country": "Venezuela",
  "phone": "(8) 34-56-12",
  "givenName": "Felipe",
  "familyName": "Izquierdo",
  "email": "Felipe.Izquierdo@msn.com"
}
{
  "_id": {
    "$oid": "585d938d61abd85fd14567fd"
  },
  "customerID": 1048,
  "companyName": "Lonesome Pine Restaurant",
  "address": "89 Chiaroscuro Rd.",
  "city": "Portland",
  "region": "OR",
  "postalCode": 97219,
  "country": "USA",
  "phone": "(503) 555-9573",
  "givenName": "Fran",
  "familyName": "Wilson",
  "email": "Fran.Wilson@msn.com"
}
{
  "_id": {
    "$oid": "585d938d61abd85fd14567fe"
  },
  "customerID": 1049,
  "companyName": "Magazzini Alimentari Riuniti",
  "address": "Via Ludovico il Moro 22",
  "city": "Bergamo",
  "region": "",
  "postalCode": 24100,
  "country": "Italy",
  "phone": "035-640230",
  "givenName": "Giovanni",
  "familyName": "Rovelli",
  "email": "Giovanni.Rovelli@hotmail.com"
}
{
  "_id": {
    "$oid": "585d938d61abd85fd14567ff"
  },
  "customerID": 1050,
  "companyName": "Maison Dewey",
  "address": "Rue Joseph-Bens 532",
  "city": "Bruxelles",
  "region": "",
  "postalCode": "B-1180",
  "country": "Belgium",
  "phone": "(02) 201 24 67",
  "givenName": "Catherine",
  "familyName": "Dewey",
  "email": "Catherine.Dewey@gmail.com"
}
{
  "_id": {
    "$oid": "585d938d61abd85fd1456800"
  },
  "customerID": 1051,
  "companyName": "Mère Paillarde",
  "address": "43 rue St. Laurent",
  "city": "Montréal",
  "region": "Québec",
  "postalCode": "H1J 1C3",
  "country": "Canada",
  "phone": "(514) 555-8054",
  "givenName": "Jean",
  "familyName": "Fresnière",
  "email": "Jean.Fresnière@live.com"
}
{
  "_id": {
    "$oid": "585d938d61abd85fd1456801"
  },
  "customerID": 1052,
  "companyName": "Morgenstern Gesundkost",
  "address": "Heerstr. 22",
  "city": "Leipzig",
  "region": "",
  "postalCode": 4179,
  "country": "Germany",
  "phone": "0342-023176",
  "givenName": "Alexander",
  "familyName": "Feuer",
  "email": "Alexander.Feuer@googlemail.com"
}
{
  "_id": {
    "$oid": "585d938d61abd85fd1456802"
  },
  "customerID": 1053,
  "companyName": "North/South",
  "address": "South House 300 Queensbridge",
  "city": "London",
  "region": "",
  "postalCode": "SW7 1RZ",
  "country": "UK",
  "phone": "(171) 555-7733",
  "givenName": "Simon",
  "familyName": "Crowther",
  "email": "Simon.Crowther@sbcglobal.net"
}
{
  "_id": {
    "$oid": "585d938d61abd85fd1456803"
  },
  "customerID": 1054,
  "companyName": "Océano Atlántico Ltda.",
  "address": "Ing. Gustavo Moncada 8585 Piso 20-A",
  "city": "Buenos Aires",
  "region": "",
  "postalCode": 1010,
  "country": "Argentina",
  "phone": "(1) 135-5333",
  "givenName": "Yvonne",
  "familyName": "Moncada",
  "email": "Yvonne.Moncada@mail.com"
}
{
  "_id": {
    "$oid": "585d938d61abd85fd1456804"
  },
  "customerID": 1056,
  "companyName": "Ottilies Käseladen",
  "address": "Mehrheimerstr. 369",
  "city": "Köln",
  "region": "",
  "postalCode": 50739,
  "country": "Germany",
  "phone": "0221-0644327",
  "givenName": "Henriette",
  "familyName": "Pfalzheim",
  "email": "Henriette.Pfalzheim@me.com"
}
{
  "_id": {
    "$oid": "585d938d61abd85fd1456805"
  },
  "customerID": 1055,
  "companyName": "Old World Delicatessen",
  "address": "2743 Bering St.",
  "city": "Anchorage",
  "region": "AK",
  "postalCode": 99508,
  "country": "USA",
  "phone": "(907) 555-7584",
  "givenName": "Rene",
  "familyName": "Phillips",
  "email": "Rene.Phillips@aol.com"
}
{
  "_id": {
    "$oid": "585d938d61abd85fd1456806"
  },
  "customerID": 1057,
  "companyName": "Paris spécialités",
  "address": "265 boulevard Charonne",
  "city": "Paris",
  "region": "",
  "postalCode": 75012,
  "country": "France",
  "phone": "(1) 42.34.22.66",
  "givenName": "Marie",
  "familyName": "Bertrand",
  "email": "Marie.Bertrand@hotmail.com"
}
{
  "_id": {
    "$oid": "585d938d61abd85fd1456807"
  },
  "customerID": 1058,
  "companyName": "Pericles Comidas clásicas",
  "address": "Calle Dr. Jorge Cash 321",
  "city": "México D.F.",
  "region": "",
  "postalCode": 5033,
  "country": "Mexico",
  "phone": "(5) 552-3745",
  "givenName": "Guillermo",
  "familyName": "Fernández",
  "email": "Guillermo.Fernández@comcast.net"
}
{
  "_id": {
    "$oid": "585d938d61abd85fd1456808"
  },
  "customerID": 1059,
  "companyName": "Piccolo und mehr",
  "address": "Geislweg 14",
  "city": "Salzburg",
  "region": "",
  "postalCode": 5020,
  "country": "Austria",
  "phone": "6562-9722",
  "givenName": "Georg",
  "familyName": "Pipps",
  "email": "Georg.Pipps@googlemail.com"
}
{
  "_id": {
    "$oid": "585d938d61abd85fd1456809"
  },
  "customerID": 1060,
  "companyName": "Princesa Isabel Vinhos",
  "address": "Estrada da saúde n. 58",
  "city": "Lisboa",
  "region": "",
  "postalCode": 1756,
  "country": "Portugal",
  "phone": "(1) 356-5634",
  "givenName": "Isabel",
  "familyName": "de Castro",
  "email": "Isabel.deCastro@live.com"
}
{
  "_id": {
    "$oid": "585d938d61abd85fd145680a"
  },
  "customerID": 1061,
  "companyName": "Que Delícia",
  "address": "Rua da Panificadora 12",
  "city": "Rio de Janeiro",
  "region": "RJ",
  "postalCode": "02389-673",
  "country": "Brazil",
  "phone": "(21) 555-4252",
  "givenName": "Bernardo",
  "familyName": "Batista",
  "email": "Bernardo.Batista@msn.com"
}
{
  "_id": {
    "$oid": "585d938d61abd85fd145680b"
  },
  "customerID": 1062,
  "companyName": "Queen Cozinha",
  "address": "Alameda dos Canàrios 891",
  "city": "Sao Paulo",
  "region": "SP",
  "postalCode": "05487-020",
  "country": "Brazil",
  "phone": "(11) 555-1189",
  "givenName": "Lúcia",
  "familyName": "Carvalho",
  "email": "Lúcia.Carvalho@msn.com"
}
{
  "_id": {
    "$oid": "585d938d61abd85fd145680c"
  },
  "customerID": 1063,
  "companyName": "1063-Stop",
  "address": "Taucherstraße 10",
  "city": "Cunewalde",
  "region": "",
  "postalCode": 1307,
  "country": "Germany",
  "phone": "0372-035188",
  "givenName": "Horst",
  "familyName": "Kloss",
  "email": "Horst.Kloss@att.net"
}
{
  "_id": {
    "$oid": "585d938d61abd85fd145680d"
  },
  "customerID": 1064,
  "companyName": "Rancho grande",
  "address": "Av. del Libertador 900",
  "city": "Buenos Aires",
  "region": "",
  "postalCode": 1010,
  "country": "Argentina",
  "phone": "(1) 123-5555",
  "givenName": "Sergio",
  "familyName": "Gutiérrez",
  "email": "Sergio.Gutiérrez@googlemail.com"
}
{
  "_id": {
    "$oid": "585d938d61abd85fd145680e"
  },
  "customerID": 1065,
  "companyName": "Rattlesnake Canyon Grocery",
  "address": "2817 Milton Dr.",
  "city": "Albuquerque",
  "region": "NM",
  "postalCode": 87110,
  "country": "USA",
  "phone": "(505) 555-5939",
  "givenName": "Paula",
  "familyName": "Wilson",
  "email": "Paula.Wilson@hotmail.com"
}
{
  "_id": {
    "$oid": "585d938d61abd85fd145680f"
  },
  "customerID": 1066,
  "companyName": "Reggiani Caseifici",
  "address": "Strada Provinciale 124",
  "city": "Reggio Emilia",
  "region": "",
  "postalCode": 42100,
  "country": "Italy",
  "phone": "0522-556721",
  "givenName": "Maurizio",
  "familyName": "Moroni",
  "email": "Maurizio.Moroni@facebook.com"
}
{
  "_id": {
    "$oid": "585d938d61abd85fd1456810"
  },
  "customerID": 1067,
  "companyName": "Ricardo Adocicados",
  "address": "Av. Copacabana 267",
  "city": "Rio de Janeiro",
  "region": "RJ",
  "postalCode": "02389-890",
  "country": "Brazil",
  "phone": "(21) 555-3412",
  "givenName": "Janete",
  "familyName": "Limeira",
  "email": "Janete.Limeira@att.net"
}
{
  "_id": {
    "$oid": "585d938d61abd85fd1456811"
  },
  "customerID": 1068,
  "companyName": "Richter Supermarkt",
  "address": "Grenzacherweg 237",
  "city": "Genève",
  "region": "",
  "postalCode": 1203,
  "country": "Switzerland",
  "phone": "0897-034214",
  "givenName": "Michael",
  "familyName": "Holz",
  "email": "Michael.Holz@gmx.com"
}
{
  "_id": {
    "$oid": "585d938d61abd85fd1456812"
  },
  "customerID": 1069,
  "companyName": "Romero y tomillo",
  "address": "Gran Vía 1",
  "city": "Madrid",
  "region": "",
  "postalCode": 28001,
  "country": "Spain",
  "phone": "(91) 745 6200",
  "givenName": "Alejandra",
  "familyName": "Camino",
  "email": "Alejandra.Camino@mac.com"
}
{
  "_id": {
    "$oid": "585d938d61abd85fd1456813"
  },
  "customerID": 1070,
  "companyName": "Santé Gourmet",
  "address": "Erling Skakkes gate 78",
  "city": "Stavern",
  "region": "",
  "postalCode": 4110,
  "country": "Norway",
  "phone": "07-98 92 35",
  "givenName": "Jonas",
  "familyName": "Bergulfsen",
  "email": "Jonas.Bergulfsen@att.net"
}
{
  "_id": {
    "$oid": "585d938d61abd85fd1456814"
  },
  "customerID": 1071,
  "companyName": "Save-a-lot Markets",
  "address": "187 Suffolk Ln.",
  "city": "Boise",
  "region": "ID",
  "postalCode": 83720,
  "country": "USA",
  "phone": "(208) 555-8097",
  "givenName": "Jose",
  "familyName": "Pavarotti",
  "email": "Jose.Pavarotti@sbcglobal.net"
}
{
  "_id": {
    "$oid": "585d938d61abd85fd1456815"
  },
  "customerID": 1072,
  "companyName": "Seven Seas Imports",
  "address": "90 Wadhurst Rd.",
  "city": "London",
  "region": "",
  "postalCode": "OX15 4NB",
  "country": "UK",
  "phone": "(171) 555-1717",
  "givenName": "Hari",
  "familyName": "Kumar",
  "email": "Hari.Kumar@hotmail.com"
}
{
  "_id": {
    "$oid": "585d938d61abd85fd1456816"
  },
  "customerID": 1073,
  "companyName": "Simons bistro",
  "address": "Vinbæltet 34",
  "city": "Kobenhavn",
  "region": "",
  "postalCode": 1734,
  "country": "Denmark",
  "phone": "31 12 34 56",
  "givenName": "Jytte",
  "familyName": "Petersen",
  "email": "Jytte.Petersen@aol.com"
}
{
  "_id": {
    "$oid": "585d938d61abd85fd1456817"
  },
  "customerID": 1074,
  "companyName": "Spécialités du monde",
  "address": "25 rue Lauriston",
  "city": "Paris",
  "region": "",
  "postalCode": 75016,
  "country": "France",
  "phone": "(1) 47.55.60.10",
  "givenName": "Dominique",
  "familyName": "Perrier",
  "email": "Dominique.Perrier@sbcglobal.net"
}
{
  "_id": {
    "$oid": "585d938d61abd85fd1456818"
  },
  "customerID": 1075,
  "companyName": "Split Rail Beer \u0026 Ale",
  "address": "P.O. Box 555",
  "city": "Lander",
  "region": "WY",
  "postalCode": 82520,
  "country": "USA",
  "phone": "(307) 555-4680",
  "givenName": "Art",
  "familyName": "Braunschweiger",
  "email": "Art.Braunschweiger@mail.com"
}
{
  "_id": {
    "$oid": "585d938d61abd85fd1456819"
  },
  "customerID": 1076,
  "companyName": "Suprêmes délices",
  "address": "Boulevard Tirou 255",
  "city": "Charleroi",
  "region": "",
  "postalCode": "B-6000",
  "country": "Belgium",
  "phone": "(071) 23 67 22 20",
  "givenName": "Pascale",
  "familyName": "Cartrain",
  "email": "Pascale.Cartrain@hotmail.com"
}
{
  "_id": {
    "$oid": "585d938d61abd85fd145681a"
  },
  "customerID": 1077,
  "companyName": "The Big Cheese",
  "address": "89 Jefferson Way Suite 2",
  "city": "Portland",
  "region": "OR",
  "postalCode": 97201,
  "country": "USA",
  "phone": "(503) 555-3612",
  "givenName": "Liz",
  "familyName": "Nixon",
  "email": "Liz.Nixon@google.com"
}
{
  "_id": {
    "$oid": "585d938d61abd85fd145681b"
  },
  "customerID": 1078,
  "companyName": "The Cracker Box",
  "address": "55 Grizzly Peak Rd.",
  "city": "Butte",
  "region": "MT",
  "postalCode": 59801,
  "country": "USA",
  "phone": "(406) 555-5834",
  "givenName": "Liu",
  "familyName": "Wong",
  "email": "Liu.Wong@me.com"
}
{
  "_id": {
    "$oid": "585d938d61abd85fd145681c"
  },
  "customerID": 1079,
  "companyName": "Toms Spezialitäten",
  "address": "Luisenstr. 48",
  "city": "Münster",
  "region": "",
  "postalCode": 44087,
  "country": "Germany",
  "phone": "0251-031259",
  "givenName": "Karin",
  "familyName": "Josephs",
  "email": "Karin.Josephs@googlemail.com"
}
{
  "_id": {
    "$oid": "585d938d61abd85fd145681d"
  },
  "customerID": 1081,
  "companyName": "Tradição Hipermercados",
  "address": "Av. Inês de Castro 414",
  "city": "Sao Paulo",
  "region": "SP",
  "postalCode": "05634-030",
  "country": "Brazil",
  "phone": "(11) 555-2167",
  "givenName": "Anabela",
  "familyName": "Domingues",
  "email": "Anabela.Domingues@gmx.com"
}
{
  "_id": {
    "$oid": "585d938d61abd85fd145681e"
  },
  "customerID": 1080,
  "companyName": "Tortuga Restaurante",
  "address": "Avda. Azteca 123",
  "city": "México D.F.",
  "region": "",
  "postalCode": 5033,
  "country": "Mexico",
  "phone": "(5) 555-2933",
  "givenName": "Miguel",
  "familyName": "Angel",
  "email": "Miguel.Angel@yahoo.com"
}
{
  "_id": {
    "$oid": "585d938d61abd85fd145681f"
  },
  "customerID": 1082,
  "companyName": "Trail's Head Gourmet Provisioners",
  "address": "722 DaVinci Blvd.",
  "city": "Kirkland",
  "region": "WA",
  "postalCode": 98034,
  "country": "USA",
  "phone": "(206) 555-8257",
  "givenName": "Helvetius",
  "familyName": "Nagy",
  "email": "Helvetius.Nagy@yahoo.com"
}
{
  "_id": {
    "$oid": "585d938d61abd85fd1456820"
  },
  "customerID": 1083,
  "companyName": "Vaffeljernet",
  "address": "Smagsloget 45",
  "city": "Århus",
  "region": "",
  "postalCode": 8200,
  "country": "Denmark",
  "phone": "86 21 32 43",
  "givenName": "Palle",
  "familyName": "Ibsen",
  "email": "Palle.Ibsen@gmail.com"
}
{
  "_id": {
    "$oid": "585d938d61abd85fd1456821"
  },
  "customerID": 1084,
  "companyName": "Victuailles en stock",
  "address": "2 rue du Commerce",
  "city": "Lyon",
  "region": "",
  "postalCode": 69004,
  "country": "France",
  "phone": "78.32.54.86",
  "givenName": "Mary",
  "familyName": "Saveley",
  "email": "Mary.Saveley@hotmail.co.uk"
}
{
  "_id": {
    "$oid": "585d938d61abd85fd1456822"
  },
  "customerID": 1085,
  "companyName": "Vins et alcools Chevalier",
  "address": "59 rue de l'Abbaye",
  "city": "Reims",
  "region": "",
  "postalCode": 51100,
  "country": "France",
  "phone": "26.47.15.10",
  "givenName": "Paul",
  "familyName": "Henriot",
  "email": "Paul.Henriot@mail.com"
}
{
  "_id": {
    "$oid": "585d938d61abd85fd1456823"
  },
  "customerID": 1086,
  "companyName": "Die Wandernde Kuh",
  "address": "Adenauerallee 900",
  "city": "Stuttgart",
  "region": "",
  "postalCode": 70563,
  "country": "Germany",
  "phone": "0711-020361",
  "givenName": "Rita",
  "familyName": "Müller",
  "email": "Rita.Müller@verizon.net"
}
{
  "_id": {
    "$oid": "585d938d61abd85fd1456824"
  },
  "customerID": 1087,
  "companyName": "Wartian Herkku",
  "address": "Torikatu 38",
  "city": "Oulu",
  "region": "",
  "postalCode": 90110,
  "country": "Finland",
  "phone": "981-443655",
  "givenName": "Pirkko",
  "familyName": "Koskitalo",
  "email": "Pirkko.Koskitalo@facebook.com"
}
{
  "_id": {
    "$oid": "585d938d61abd85fd1456825"
  },
  "customerID": 1088,
  "companyName": "Wellington Importadora",
  "address": "Rua do Mercado 12",
  "city": "Resende",
  "region": "SP",
  "postalCode": "08737-363",
  "country": "Brazil",
  "phone": "(14) 555-8122",
  "givenName": "Paula",
  "familyName": "Parente",
  "email": "Paula.Parente@yahoo.com"
}
{
  "_id": {
    "$oid": "585d938d61abd85fd1456826"
  },
  "customerID": 1089,
  "companyName": "White Clover Markets",
  "address": "305 - 14th Ave. S. Suite 3B",
  "city": "Seattle",
  "region": "WA",
  "postalCode": 98128,
  "country": "USA",
  "phone": "(206) 555-4112",
  "givenName": "Karl",
  "familyName": "Jablonski",
  "email": "Karl.Jablonski@google.com"
}
{
  "_id": {
    "$oid": "585d938d61abd85fd1456827"
  },
  "customerID": 1090,
  "companyName": "Wilman Kala",
  "address": "Keskuskatu 45",
  "city": "Helsinki",
  "region": "",
  "postalCode": 21240,
  "country": "Finland",
  "phone": "90-224 8858",
  "givenName": "Matti",
  "familyName": "Karttunen",
  "email": "Matti.Karttunen@yahoo.com"
}
{
  "_id": {
    "$oid": "585d938d61abd85fd1456828"
  },
  "customerID": 1091,
  "companyName": "Wolski  Zajazd",
  "address": "ul. Filtrowa 68",
  "city": "Warszawa",
  "region": "",
  "postalCode": "01-012",
  "country": "Poland",
  "phone": "(26) 642-7012",
  "givenName": "Zbyszek",
  "familyName": "Piestrzeniewicz",
  "email": "Zbyszek.Piestrzeniewicz@hotmail.com"
}