{"_id":{"$oid":"592ddd3c92b6e117f5bb9a40"},"locationID":"15D0C","productID":54,"description":"","quantity":25}
{"_id":{"$oid":"592ddd3c92b6e117f5bb9a41"},"locationID":"09C4C","productID":24,"description":"","quantity":22}
{"_id":{"$oid":"592ddd3c92b6e117f5bb9a42"},"locationID":"09D4C","productID":47,"description":"","quantity":21}
{"_id":{"$oid":"592ddd3c92b6e117f5bb9a43"},"locationID":"10F3A","productID":65,"description":"","quantity":7}
{"_id":{"$oid":"592ddd3c92b6e117f5bb9a44"},"locationID":"04E2D","productID":16,"description":"","quantity":8}
{"_id":{"$oid":"592ddd3c92b6e117f5bb9a45"},"locationID":"17B7D","productID":14,"description":"","quantity":11}
{"_id":{"$oid":"592ddd3c92b6e117f5bb9a46"},"locationID":"20G2E","productID":1,"description":"","quantity":21}
{"_id":{"$oid":"592ddd3c92b6e117f5bb9a47"},"locationID":"02A6A","productID":50,"description":"","quantity":26}
{"_id":{"$oid":"592ddd3c92b6e117f5bb9a48"},"locationID":"12H6B","productID":23,"description":"","quantity":9}
{"_id":{"$oid":"592ddd3c92b6e117f5bb9a49"},"locationID":"14F3A","productID":60,"description":"","quantity":6}
{"_id":{"$oid":"592ddd3c92b6e117f5bb9a4a"},"locationID":"16H1D","productID":17,"description":"","quantity":29}
{"_id":{"$oid":"592ddd3c92b6e117f5bb9a4b"},"locationID":"08G5A","productID":16,"description":"","quantity":1}
{"_id":{"$oid":"592ddd3c92b6e117f5bb9a4c"},"locationID":"16G3B","productID":68,"description":"","quantity":28}
{"_id":{"$oid":"592ddd3c92b6e117f5bb9a4d"},"locationID":"14B4A","productID":24,"description":"","quantity":19}
{"_id":{"$oid":"592ddd3c92b6e117f5bb9a4e"},"locationID":"10G6B","productID":32,"description":"","quantity":24}
{"_id":{"$oid":"592ddd3c92b6e117f5bb9a4f"},"locationID":"06F2C","productID":61,"description":"","quantity":27}
{"_id":{"$oid":"592ddd3c92b6e117f5bb9a50"},"locationID":"04B0E","productID":33,"description":"","quantity":11}
{"_id":{"$oid":"592ddd3c92b6e117f5bb9a51"},"locationID":"20G6C","productID":8,"description":"","quantity":15}
{"_id":{"$oid":"592ddd3c92b6e117f5bb9a52"},"locationID":"08E5C","productID":66,"description":"","quantity":23}
{"_id":{"$oid":"592ddd3c92b6e117f5bb9a53"},"locationID":"16H2A","productID":8,"description":"","quantity":14}
{"_id":{"$oid":"592ddd3c92b6e117f5bb9a54"},"locationID":"19E2A","productID":30,"description":"","quantity":13}
{"_id":{"$oid":"592ddd3c92b6e117f5bb9a55"},"locationID":"05E0B","productID":52,"description":"","quantity":10}
{"_id":{"$oid":"592ddd3c92b6e117f5bb9a56"},"locationID":"19B8E","productID":32,"description":"","quantity":8}
{"_id":{"$oid":"592ddd3c92b6e117f5bb9a57"},"locationID":"09D3B","productID":9,"description":"","quantity":22}
{"_id":{"$oid":"592ddd3c92b6e117f5bb9a58"},"locationID":"13F2B","productID":16,"description":"","quantity":6}
{"_id":{"$oid":"592ddd3c92b6e117f5bb9a59"},"locationID":"21C3B","productID":9,"description":"","quantity":28}
{"_id":{"$oid":"592ddd3c92b6e117f5bb9a5a"},"locationID":"07B6A","productID":34,"description":"","quantity":18}
{"_id":{"$oid":"592ddd3c92b6e117f5bb9a5b"},"locationID":"00H8C","productID":75,"description":"","quantity":12}
{"_id":{"$oid":"592ddd3c92b6e117f5bb9a5c"},"locationID":"16A6D","productID":65,"description":"","quantity":21}
{"_id":{"$oid":"592ddd3c92b6e117f5bb9a5d"},"locationID":"12H3A","productID":6,"description":"","quantity":13}
{"_id":{"$oid":"592ddd3c92b6e117f5bb9a5e"},"locationID":"05E0E","productID":69,"description":"","quantity":8}
{"_id":{"$oid":"592ddd3c92b6e117f5bb9a5f"},"locationID":"13D8D","productID":36,"description":"","quantity":20}
{"_id":{"$oid":"592ddd3c92b6e117f5bb9a60"},"locationID":"07E2A","productID":2,"description":"","quantity":8}
{"_id":{"$oid":"592ddd3c92b6e117f5bb9a61"},"locationID":"00H4B","productID":76,"description":"","quantity":17}
{"_id":{"$oid":"592ddd3c92b6e117f5bb9a62"},"locationID":"01E6A","productID":14,"description":"","quantity":20}
{"_id":{"$oid":"592ddd3c92b6e117f5bb9a63"},"locationID":"17D8E","productID":43,"description":"","quantity":6}
{"_id":{"$oid":"592ddd3c92b6e117f5bb9a64"},"locationID":"10H6B","productID":5,"description":"","quantity":28}
{"_id":{"$oid":"592ddd3c92b6e117f5bb9a65"},"locationID":"13E7C","productID":72,"description":"","quantity":5}
{"_id":{"$oid":"592ddd3c92b6e117f5bb9a66"},"locationID":"17E1E","productID":35,"description":"","quantity":11}
{"_id":{"$oid":"592ddd3c92b6e117f5bb9a67"},"locationID":"16A8D","productID":73,"description":"","quantity":22}
{"_id":{"$oid":"592ddd3c92b6e117f5bb9a68"},"locationID":"06C4B","productID":45,"description":"","quantity":28}
{"_id":{"$oid":"592ddd3c92b6e117f5bb9a69"},"locationID":"02G3C","productID":14,"description":"","quantity":26}
{"_id":{"$oid":"592ddd3c92b6e117f5bb9a6a"},"locationID":"20F5E","productID":23,"description":"","quantity":27}
{"_id":{"$oid":"592ddd3c92b6e117f5bb9a6b"},"locationID":"07D8D","productID":42,"description":"","quantity":5}
{"_id":{"$oid":"592ddd3c92b6e117f5bb9a6c"},"locationID":"11B1C","productID":73,"description":"","quantity":9}
{"_id":{"$oid":"592ddd3c92b6e117f5bb9a6d"},"locationID":"11A4D","productID":4,"description":"","quantity":18}
{"_id":{"$oid":"592ddd3c92b6e117f5bb9a6e"},"locationID":"12G2B","productID":6,"description":"","quantity":21}
{"_id":{"$oid":"592ddd3c92b6e117f5bb9a6f"},"locationID":"05B0D","productID":42,"description":"","quantity":25}
{"_id":{"$oid":"592ddd3c92b6e117f5bb9a70"},"locationID":"19G0E","productID":32,"description":"","quantity":29}
{"_id":{"$oid":"592ddd3c92b6e117f5bb9a71"},"locationID":"00E0D","productID":70,"description":"","quantity":7}
{"_id":{"$oid":"592ddd3c92b6e117f5bb9a72"},"locationID":"17G1E","productID":31,"description":"","quantity":24}
{"_id":{"$oid":"592ddd3c92b6e117f5bb9a73"},"locationID":"18A1A","productID":50,"description":"","quantity":25}
{"_id":{"$oid":"592ddd3c92b6e117f5bb9a74"},"locationID":"15H8C","productID":56,"description":"","quantity":5}
{"_id":{"$oid":"592ddd3c92b6e117f5bb9a75"},"locationID":"17E1E","productID":44,"description":"","quantity":18}
{"_id":{"$oid":"592ddd3c92b6e117f5bb9a76"},"locationID":"07C1B","productID":65,"description":"","quantity":8}
{"_id":{"$oid":"592ddd3c92b6e117f5bb9a77"},"locationID":"07E0B","productID":8,"description":"","quantity":11}
{"_id":{"$oid":"592ddd3c92b6e117f5bb9a78"},"locationID":"07B1E","productID":1,"description":"","quantity":1}
{"_id":{"$oid":"592ddd3c92b6e117f5bb9a79"},"locationID":"02H6D","productID":62,"description":"","quantity":28}
{"_id":{"$oid":"592ddd3c92b6e117f5bb9a7a"},"locationID":"16C1C","productID":59,"description":"","quantity":28}
{"_id":{"$oid":"592ddd3c92b6e117f5bb9a7b"},"locationID":"17B2B","productID":19,"description":"","quantity":18}
{"_id":{"$oid":"592ddd3c92b6e117f5bb9a7c"},"locationID":"01G5A","productID":73,"description":"","quantity":9}
{"_id":{"$oid":"592ddd3c92b6e117f5bb9a7d"},"locationID":"15B8D","productID":3,"description":"","quantity":0}
{"_id":{"$oid":"592ddd3c92b6e117f5bb9a7e"},"locationID":"06G6C","productID":76,"description":"","quantity":5}
{"_id":{"$oid":"592ddd3c92b6e117f5bb9a7f"},"locationID":"03E7D","productID":3,"description":"","quantity":3}
{"_id":{"$oid":"592ddd3c92b6e117f5bb9a80"},"locationID":"19G4C","productID":67,"description":"","quantity":0}
{"_id":{"$oid":"592ddd3c92b6e117f5bb9a81"},"locationID":"10F2E","productID":41,"description":"","quantity":26}
{"_id":{"$oid":"592ddd3c92b6e117f5bb9a82"},"locationID":"03E0D","productID":9,"description":"","quantity":25}
{"_id":{"$oid":"592ddd3c92b6e117f5bb9a83"},"locationID":"11E2D","productID":18,"description":"","quantity":5}
{"_id":{"$oid":"592ddd3c92b6e117f5bb9a84"},"locationID":"02E5A","productID":66,"description":"","quantity":21}
{"_id":{"$oid":"592ddd3c92b6e117f5bb9a85"},"locationID":"18F8A","productID":21,"description":"","quantity":22}
{"_id":{"$oid":"592ddd3c92b6e117f5bb9a86"},"locationID":"21E5A","productID":66,"description":"","quantity":3}
{"_id":{"$oid":"592ddd3c92b6e117f5bb9a87"},"locationID":"02G1B","productID":33,"description":"","quantity":4}
{"_id":{"$oid":"592ddd3c92b6e117f5bb9a88"},"locationID":"08E1E","productID":68,"description":"","quantity":20}
{"_id":{"$oid":"592ddd3c92b6e117f5bb9a89"},"locationID":"16D0C","productID":76,"description":"","quantity":25}
{"_id":{"$oid":"592ddd3c92b6e117f5bb9a8a"},"locationID":"08H1D","productID":69,"description":"","quantity":28}
{"_id":{"$oid":"592ddd3c92b6e117f5bb9a8b"},"locationID":"10C5B","productID":69,"description":"","quantity":14}
{"_id":{"$oid":"592ddd3c92b6e117f5bb9a8c"},"locationID":"15A4B","productID":9,"description":"","quantity":19}
{"_id":{"$oid":"592ddd3c92b6e117f5bb9a8d"},"locationID":"05C7D","productID":47,"description":"","quantity":7}
{"_id":{"$oid":"592ddd3c92b6e117f5bb9a8e"},"locationID":"17A4D","productID":47,"description":"","quantity":20}
{"_id":{"$oid":"592ddd3c92b6e117f5bb9a8f"},"locationID":"12F6D","productID":11,"description":"","quantity":12}
{"_id":{"$oid":"592ddd3c92b6e117f5bb9a90"},"locationID":"14E7A","productID":69,"description":"","quantity":2}
{"_id":{"$oid":"592ddd3c92b6e117f5bb9a91"},"locationID":"10D6C","productID":63,"description":"","quantity":5}
{"_id":{"$oid":"592ddd3c92b6e117f5bb9a92"},"locationID":"08H6A","productID":21,"description":"","quantity":16}
{"_id":{"$oid":"592ddd3c92b6e117f5bb9a93"},"locationID":"07E1A","productID":17,"description":"","quantity":9}
{"_id":{"$oid":"592ddd3c92b6e117f5bb9a94"},"locationID":"04F6E","productID":29,"description":"","quantity":21}
{"_id":{"$oid":"592ddd3c92b6e117f5bb9a95"},"locationID":"00G0B","productID":30,"description":"","quantity":6}
{"_id":{"$oid":"592ddd3c92b6e117f5bb9a96"},"locationID":"01D3B","productID":3,"description":"","quantity":28}
{"_id":{"$oid":"592ddd3c92b6e117f5bb9a97"},"locationID":"05F3E","productID":5,"description":"","quantity":26}
{"_id":{"$oid":"592ddd3c92b6e117f5bb9a98"},"locationID":"10B8A","productID":24,"description":"","quantity":23}
{"_id":{"$oid":"592ddd3c92b6e117f5bb9a99"},"locationID":"06E5B","productID":50,"description":"","quantity":16}
{"_id":{"$oid":"592ddd3c92b6e117f5bb9a9a"},"locationID":"00A6E","productID":48,"description":"","quantity":16}
{"_id":{"$oid":"592ddd3c92b6e117f5bb9a9b"},"locationID":"10B7D","productID":73,"description":"","quantity":18}
{"_id":{"$oid":"592ddd3c92b6e117f5bb9a9c"},"locationID":"06E4C","productID":45,"description":"","quantity":21}
{"_id":{"$oid":"592ddd3c92b6e117f5bb9a9d"},"locationID":"21D6A","productID":25,"description":"","quantity":20}
{"_id":{"$oid":"592ddd3c92b6e117f5bb9a9e"},"locationID":"09H5C","productID":63,"description":"","quantity":23}
{"_id":{"$oid":"592ddd3c92b6e117f5bb9a9f"},"locationID":"16E3D","productID":49,"description":"","quantity":15}
{"_id":{"$oid":"592ddd3c92b6e117f5bb9aa0"},"locationID":"08A7E","productID":1,"description":"","quantity":27}
{"_id":{"$oid":"592ddd3c92b6e117f5bb9aa1"},"locationID":"06D4E","productID":43,"description":"","quantity":16}
{"_id":{"$oid":"592ddd3c92b6e117f5bb9aa2"},"locationID":"18G7B","productID":16,"description":"","quantity":22}
{"_id":{"$oid":"592ddd3c92b6e117f5bb9aa3"},"locationID":"10F8C","productID":46,"description":"","quantity":4}
