{
  "_id": {
    "$oid": "585d938d61abd85fd1457459"
  },
  "categoryID": 1,
  "productID": 2,
  "name": "Chang",
  "description": "24 - 12 oz bottles",
  "price": 19.0,
  "imageUrl": "/assets/images/productImages/2.jpg"
}
{
  "_id": {
    "$oid": "585d938d61abd85fd145745a"
  },
  "categoryID": 2,
  "productID": 3,
  "name": "Aniseed Syrup",
  "description": "12 - 550 ml bottles",
  "price": 10.0,
  "imageUrl": "/assets/images/productImages/3.jpg"
}
{
  "_id": {
    "$oid": "585d938d61abd85fd145745b"
  },
  "categoryID": 1,
  "productID": 1,
  "name": "Chai",
  "description": "10 boxes x 20 bags",
  "price": 18.0,
  "imageUrl": "/assets/images/productImages/1.jpg"
}
{
  "_id": {
    "$oid": "585d938d61abd85fd145745c"
  },
  "categoryID": 2,
  "featured": true,
  "productID": 5,
  "name": "Chef Anton's Gumbo Mix",
  "description": "36 boxes",
  "price": 21.35,
  "imageUrl": "/assets/images/productImages/5.jpg"
}
{
  "_id": {
    "$oid": "585d938d61abd85fd145745d"
  },
  "categoryID": 2,
  "productID": 6,
  "name": "Grandma's Boysenberry Spread",
  "description": "12 - 8 oz jars",
  "price": 25.0,
  "imageUrl": "/assets/images/productImages/6.jpg"
}
{
  "_id": {
    "$oid": "585d938d61abd85fd145745e"
  },
  "categoryID": 7,
  "productID": 7,
  "name": "Uncle Bob's Organic Dried Pears",
  "description": "12 - 1 lb pkgs.",
  "price": 30.0,
  "imageUrl": "/assets/images/productImages/7.jpg"
}
{
  "_id": {
    "$oid": "585d938d61abd85fd145745f"
  },
  "categoryID": 2,
  "productID": 8,
  "name": "Northwoods Cranberry Sauce",
  "description": "12 - 12 oz jars",
  "price": 40.0,
  "imageUrl": "/assets/images/productImages/8.jpg"
}
{
  "_id": {
    "$oid": "585d938d61abd85fd1457460"
  },
  "categoryID": 2,
  "productID": 4,
  "name": "Chef Anton's Cajun Seasoning",
  "description": "48 - 6 oz jars",
  "price": 22.0,
  "imageUrl": "/assets/images/productImages/4.jpg"
}
{
  "_id": {
    "$oid": "585d938d61abd85fd1457461"
  },
  "categoryID": 6,
  "productID": 9,
  "name": "Mishi Kobe Niku",
  "description": "18 - 500 g pkgs.",
  "price": 97.0,
  "imageUrl": "/assets/images/productImages/9.jpg"
}
{
  "_id": {
    "$oid": "585d938d61abd85fd1457462"
  },
  "categoryID": 8,
  "productID": 10,
  "name": "Ikura",
  "description": "12 - 200 ml jars",
  "price": 31.0,
  "imageUrl": "/assets/images/productImages/10.jpg"
}
{
  "_id": {
    "$oid": "585d938d61abd85fd1457463"
  },
  "categoryID": 4,
  "productID": 11,
  "name": "Queso Cabrales",
  "description": "1 kg pkg.",
  "price": 21.0,
  "imageUrl": "/assets/images/productImages/11.jpg"
}
{
  "_id": {
    "$oid": "585d938d61abd85fd1457464"
  },
  "categoryID": 4,
  "productID": 12,
  "name": "Queso Manchego La Pastora",
  "description": "10 - 500 g pkgs.",
  "price": 38.0,
  "imageUrl": "/assets/images/productImages/12.jpg"
}
{
  "_id": {
    "$oid": "585d938d61abd85fd1457465"
  },
  "categoryID": 8,
  "productID": 13,
  "name": "Konbu",
  "description": "2 kg box",
  "price": 6.0,
  "imageUrl": "/assets/images/productImages/13.jpg"
}
{
  "_id": {
    "$oid": "585d938d61abd85fd1457466"
  },
  "categoryID": 7,
  "productID": 14,
  "name": "Tofu",
  "description": "40 - 100 g pkgs.",
  "price": 23.25,
  "imageUrl": "/assets/images/productImages/14.jpg"
}
{
  "_id": {
    "$oid": "585d938d61abd85fd1457467"
  },
  "categoryID": 2,
  "productID": 15,
  "name": "Genen Shouyu",
  "description": "24 - 250 ml bottles",
  "price": 15.5,
  "imageUrl": "/assets/images/productImages/15.jpg"
}
{
  "_id": {
    "$oid": "585d938d61abd85fd1457468"
  },
  "categoryID": 3,
  "productID": 16,
  "name": "Pavlova",
  "description": "32 - 500 g boxes",
  "price": 17.45,
  "imageUrl": "/assets/images/productImages/16.jpg"
}
{
  "_id": {
    "$oid": "585d938d61abd85fd1457469"
  },
  "categoryID": 6,
  "productID": 17,
  "name": "Alice Mutton",
  "description": "20 - 1 kg tins",
  "price": 39.0,
  "imageUrl": "/assets/images/productImages/17.jpg"
}
{
  "_id": {
    "$oid": "585d938d61abd85fd145746a"
  },
  "categoryID": 8,
  "productID": 18,
  "name": "Carnarvon Tigers",
  "description": "16 kg pkg.",
  "price": 62.5,
  "imageUrl": "/assets/images/productImages/18.jpg"
}
{
  "_id": {
    "$oid": "585d938d61abd85fd145746b"
  },
  "categoryID": 3,
  "productID": 19,
  "name": "Teatime Chocolate Biscuits",
  "description": "10 boxes x 12 pieces",
  "price": 9.2,
  "imageUrl": "/assets/images/productImages/19.jpg"
}
{
  "_id": {
    "$oid": "585d938d61abd85fd145746c"
  },
  "categoryID": 3,
  "featured": true,
  "productID": 20,
  "name": "Sir Rodney's Marmalade",
  "description": "30 gift boxes",
  "price": 81.0,
  "imageUrl": "/assets/images/productImages/20.jpg"
}
{
  "_id": {
    "$oid": "585d938d61abd85fd145746d"
  },
  "categoryID": 3,
  "productID": 21,
  "name": "Sir Rodney's Scones",
  "description": "24 pkgs. x 4 pieces",
  "price": 10.0,
  "imageUrl": "/assets/images/productImages/21.jpg"
}
{
  "_id": {
    "$oid": "585d938d61abd85fd145746e"
  },
  "categoryID": 5,
  "productID": 22,
  "name": "Gustaf's Knäckebröd",
  "description": "24 - 500 g pkgs.",
  "price": 21.0,
  "imageUrl": "/assets/images/productImages/22.jpg"
}
{
  "_id": {
    "$oid": "585d938d61abd85fd145746f"
  },
  "categoryID": 5,
  "productID": 23,
  "name": "Tunnbröd",
  "description": "12 - 250 g pkgs.",
  "price": 9.0,
  "imageUrl": "/assets/images/productImages/23.jpg"
}
{
  "_id": {
    "$oid": "585d938d61abd85fd1457470"
  },
  "categoryID": 1,
  "productID": 24,
  "name": "Guaraná Fantástica",
  "description": "12 - 355 ml cans",
  "price": 4.5,
  "imageUrl": "/assets/images/productImages/24.jpg"
}
{
  "_id": {
    "$oid": "585d938d61abd85fd1457471"
  },
  "categoryID": 3,
  "productID": 25,
  "name": "NuNuCa Nuß-Nougat-Creme",
  "description": "20 - 450 g glasses",
  "price": 14.0,
  "imageUrl": "/assets/images/productImages/25.jpg"
}
{
  "_id": {
    "$oid": "585d938d61abd85fd1457472"
  },
  "categoryID": 3,
  "productID": 26,
  "name": "Gumbär Gummibärchen",
  "description": "100 - 250 g bags",
  "price": 31.23,
  "imageUrl": "/assets/images/productImages/26.jpg"
}
{
  "_id": {
    "$oid": "585d938d61abd85fd1457473"
  },
  "categoryID": 3,
  "productID": 27,
  "name": "Schoggi Schokolade",
  "description": "100 - 100 g pieces",
  "price": 43.9,
  "imageUrl": "/assets/images/productImages/27.jpg"
}
{
  "_id": {
    "$oid": "585d938d61abd85fd1457474"
  },
  "categoryID": 7,
  "productID": 28,
  "name": "Rössle Sauerkraut",
  "description": "25 - 825 g cans",
  "price": 45.6,
  "imageUrl": "/assets/images/productImages/28.jpg"
}
{
  "_id": {
    "$oid": "585d938d61abd85fd1457475"
  },
  "categoryID": 6,
  "productID": 29,
  "name": "Thüringer Rostbratwurst",
  "description": "50 bags x 30 sausages.",
  "price": 123.79,
  "imageUrl": "/assets/images/productImages/29.jpg"
}
{
  "_id": {
    "$oid": "585d938d61abd85fd1457476"
  },
  "categoryID": 8,
  "productID": 30,
  "name": "Nord-Ost Matjeshering",
  "description": "10 - 200 g glasses",
  "price": 25.89,
  "imageUrl": "/assets/images/productImages/30.jpg"
}
{
  "_id": {
    "$oid": "585d938d61abd85fd1457477"
  },
  "categoryID": 4,
  "productID": 31,
  "name": "Gorgonzola Telino",
  "description": "12 - 100 g pkgs",
  "price": 12.5,
  "imageUrl": "/assets/images/productImages/31.jpg"
}
{
  "_id": {
    "$oid": "585d938d61abd85fd1457478"
  },
  "categoryID": 4,
  "productID": 32,
  "name": "Mascarpone Fabioli",
  "description": "24 - 200 g pkgs.",
  "price": 32.0,
  "imageUrl": "/assets/images/productImages/32.jpg"
}
{
  "_id": {
    "$oid": "585d938d61abd85fd1457479"
  },
  "categoryID": 4,
  "productID": 33,
  "name": "Geitost",
  "description": "500 g",
  "price": 2.5,
  "imageUrl": "/assets/images/productImages/33.jpg"
}
{
  "_id": {
    "$oid": "585d938d61abd85fd145747a"
  },
  "categoryID": 1,
  "productID": 34,
  "name": "Sasquatch Ale",
  "description": "24 - 12 oz bottles",
  "price": 14.0,
  "imageUrl": "/assets/images/productImages/34.jpg"
}
{
  "_id": {
    "$oid": "585d938d61abd85fd145747b"
  },
  "categoryID": 1,
  "productID": 35,
  "name": "Steeleye Stout",
  "description": "24 - 12 oz bottles",
  "price": 18.0,
  "imageUrl": "/assets/images/productImages/35.jpg"
}
{
  "_id": {
    "$oid": "585d938d61abd85fd145747c"
  },
  "categoryID": 8,
  "productID": 36,
  "name": "Inlagd Sill",
  "description": "24 - 250 g  jars",
  "price": 19.0,
  "imageUrl": "/assets/images/productImages/36.jpg"
}
{
  "_id": {
    "$oid": "585d938d61abd85fd145747d"
  },
  "categoryID": 8,
  "productID": 37,
  "name": "Gravad lax",
  "description": "12 - 500 g pkgs.",
  "price": 26.0,
  "imageUrl": "/assets/images/productImages/37.jpg"
}
{
  "_id": {
    "$oid": "585d938d61abd85fd145747e"
  },
  "categoryID": 1,
  "productID": 38,
  "name": "Côte de Blaye",
  "description": "12 - 75 cl bottles",
  "price": 263.5,
  "imageUrl": "/assets/images/productImages/38.jpg"
}
{
  "_id": {
    "$oid": "585d938d61abd85fd145747f"
  },
  "categoryID": 1,
  "productID": 39,
  "name": "Chartreuse verte",
  "description": "750 cc per bottle",
  "price": 18.0,
  "imageUrl": "/assets/images/productImages/39.jpg"
}
{
  "_id": {
    "$oid": "585d938d61abd85fd1457480"
  },
  "categoryID": 8,
  "productID": 40,
  "name": "Boston Crab Meat",
  "description": "24 - 4 oz tins",
  "price": 18.4,
  "imageUrl": "/assets/images/productImages/40.jpg"
}
{
  "_id": {
    "$oid": "585d938d61abd85fd1457481"
  },
  "categoryID": 8,
  "productID": 41,
  "name": "Jack's New England Clam Chowder",
  "description": "12 - 12 oz cans",
  "price": 9.65,
  "imageUrl": "/assets/images/productImages/41.jpg"
}
{
  "_id": {
    "$oid": "585d938d61abd85fd1457482"
  },
  "categoryID": 5,
  "productID": 42,
  "name": "Singaporean Hokkien Fried Mee",
  "description": "32 - 1 kg pkgs.",
  "price": 14.0,
  "imageUrl": "/assets/images/productImages/42.jpg"
}
{
  "_id": {
    "$oid": "585d938d61abd85fd1457483"
  },
  "categoryID": 1,
  "productID": 43,
  "name": "Ipoh Coffee",
  "description": "16 - 500 g tins",
  "price": 46.0,
  "imageUrl": "/assets/images/productImages/43.jpg"
}
{
  "_id": {
    "$oid": "585d938d61abd85fd1457484"
  },
  "categoryID": 2,
  "productID": 44,
  "name": "Gula Malacca",
  "description": "20 - 2 kg bags",
  "price": 19.45,
  "imageUrl": "/assets/images/productImages/44.jpg"
}
{
  "_id": {
    "$oid": "585d938d61abd85fd1457485"
  },
  "categoryID": 8,
  "productID": 45,
  "name": "Rogede sild",
  "description": "1k pkg.",
  "price": 9.5,
  "imageUrl": "/assets/images/productImages/45.jpg"
}
{
  "_id": {
    "$oid": "585d938d61abd85fd1457486"
  },
  "categoryID": 8,
  "productID": 46,
  "name": "Spegesild",
  "description": "4 - 450 g glasses",
  "price": 12.0,
  "imageUrl": "/assets/images/productImages/46.jpg"
}
{
  "_id": {
    "$oid": "585d938d61abd85fd1457487"
  },
  "categoryID": 3,
  "productID": 47,
  "name": "Zaanse koeken",
  "description": "10 - 4 oz boxes",
  "price": 9.5,
  "imageUrl": "/assets/images/productImages/47.jpg"
}
{
  "_id": {
    "$oid": "585d938d61abd85fd1457488"
  },
  "categoryID": 3,
  "productID": 48,
  "name": "Chocolade",
  "description": "10 pkgs.",
  "price": 12.75,
  "imageUrl": "/assets/images/productImages/48.jpg"
}
{
  "_id": {
    "$oid": "585d938d61abd85fd1457489"
  },
  "categoryID": 3,
  "productID": 49,
  "name": "Maxilaku",
  "description": "24 - 50 g pkgs.",
  "price": 20.0,
  "imageUrl": "/assets/images/productImages/49.jpg"
}
{
  "_id": {
    "$oid": "585d938d61abd85fd145748a"
  },
  "categoryID": 3,
  "productID": 50,
  "name": "Valkoinen suklaa",
  "description": "12 - 100 g bars",
  "price": 16.25,
  "imageUrl": "/assets/images/productImages/50.jpg"
}
{
  "_id": {
    "$oid": "585d938d61abd85fd145748b"
  },
  "categoryID": 7,
  "productID": 51,
  "name": "Manjimup Dried Apples",
  "description": "50 - 300 g pkgs.",
  "price": 53.0,
  "imageUrl": "/assets/images/productImages/51.jpg"
}
{
  "_id": {
    "$oid": "585d938d61abd85fd145748c"
  },
  "categoryID": 5,
  "productID": 52,
  "name": "Filo Mix",
  "description": "16 - 2 kg boxes",
  "price": 7.0,
  "imageUrl": "/assets/images/productImages/52.jpg"
}
{
  "_id": {
    "$oid": "585d938d61abd85fd145748d"
  },
  "categoryID": 6,
  "productID": 54,
  "name": "Tourtière",
  "description": "16 pies",
  "price": 7.45,
  "imageUrl": "/assets/images/productImages/54.jpg"
}
{
  "_id": {
    "$oid": "585d938d61abd85fd145748e"
  },
  "categoryID": 6,
  "productID": 53,
  "name": "Perth Pasties",
  "description": "48 pieces",
  "price": 32.8,
  "imageUrl": "/assets/images/productImages/53.jpg"
}
{
  "_id": {
    "$oid": "585d938d61abd85fd145748f"
  },
  "categoryID": 6,
  "productID": 55,
  "name": "Pâté chinois",
  "description": "24 boxes x 2 pies",
  "price": 24.0,
  "imageUrl": "/assets/images/productImages/55.jpg"
}
{
  "_id": {
    "$oid": "585d938d61abd85fd1457490"
  },
  "categoryID": 5,
  "productID": 56,
  "name": "Gnocchi di nonna Alice",
  "description": "24 - 250 g pkgs.",
  "price": 38.0,
  "imageUrl": "/assets/images/productImages/56.jpg"
}
{
  "_id": {
    "$oid": "585d938d61abd85fd1457491"
  },
  "categoryID": 5,
  "productID": 57,
  "name": "Ravioli Angelo",
  "description": "24 - 250 g pkgs.",
  "price": 19.5,
  "imageUrl": "/assets/images/productImages/57.jpg"
}
{
  "_id": {
    "$oid": "585d938d61abd85fd1457492"
  },
  "categoryID": 8,
  "featured": true,
  "productID": 58,
  "name": "Escargots de Bourgogne",
  "description": "24 pieces",
  "price": 13.25,
  "imageUrl": "/assets/images/productImages/58.jpg"
}
{
  "_id": {
    "$oid": "585d938d61abd85fd1457493"
  },
  "categoryID": 4,
  "productID": 59,
  "name": "Raclette Courdavault",
  "description": "5 kg pkg.",
  "price": 55.0,
  "imageUrl": "/assets/images/productImages/59.jpg"
}
{
  "_id": {
    "$oid": "585d938d61abd85fd1457494"
  },
  "categoryID": 4,
  "productID": 60,
  "name": "Camembert Pierrot",
  "description": "15 - 300 g rounds",
  "price": 34.0,
  "imageUrl": "/assets/images/productImages/60.jpg"
}
{
  "_id": {
    "$oid": "585d938d61abd85fd1457495"
  },
  "categoryID": 2,
  "productID": 61,
  "name": "Sirop d'érable",
  "description": "24 - 500 ml bottles",
  "price": 28.5,
  "imageUrl": "/assets/images/productImages/61.jpg"
}
{
  "_id": {
    "$oid": "585d938d61abd85fd1457496"
  },
  "categoryID": 3,
  "productID": 62,
  "name": "Tarte au sucre",
  "description": "48 pies",
  "price": 49.3,
  "imageUrl": "/assets/images/productImages/62.jpg"
}
{
  "_id": {
    "$oid": "585d938d61abd85fd1457497"
  },
  "categoryID": 2,
  "productID": 63,
  "name": "Vegie-spread",
  "description": "15 - 625 g jars",
  "price": 43.9,
  "imageUrl": "/assets/images/productImages/63.jpg"
}
{
  "_id": {
    "$oid": "585d938d61abd85fd1457498"
  },
  "categoryID": 5,
  "productID": 64,
  "name": "Wimmers gute Semmelknödel",
  "description": "20 bags x 4 pieces",
  "price": 33.25,
  "imageUrl": "/assets/images/productImages/64.jpg"
}
{
  "_id": {
    "$oid": "585d938d61abd85fd1457499"
  },
  "categoryID": 2,
  "featured": true,
  "productID": 65,
  "name": "Louisiana Fiery Hot Pepper Sauce",
  "description": "32 - 8 oz bottles",
  "price": 21.05,
  "imageUrl": "/assets/images/productImages/65.jpg"
}
{
  "_id": {
    "$oid": "585d938d61abd85fd145749a"
  },
  "categoryID": 2,
  "productID": 66,
  "name": "Louisiana Hot Spiced Okra",
  "description": "24 - 8 oz jars",
  "price": 17.0,
  "imageUrl": "/assets/images/productImages/66.jpg"
}
{
  "_id": {
    "$oid": "585d938d61abd85fd145749b"
  },
  "categoryID": 1,
  "productID": 67,
  "name": "Laughing Lumberjack Lager",
  "description": "24 - 12 oz bottles",
  "price": 14.0,
  "imageUrl": "/assets/images/productImages/67.jpg"
}
{
  "_id": {
    "$oid": "585d938d61abd85fd145749c"
  },
  "categoryID": 3,
  "productID": 68,
  "name": "Scottish Longbreads",
  "description": "10 boxes x 8 pieces",
  "price": 12.5,
  "imageUrl": "/assets/images/productImages/68.jpg"
}
{
  "_id": {
    "$oid": "585d938d61abd85fd145749d"
  },
  "categoryID": 4,
  "productID": 69,
  "name": "Gudbrandsdalsost",
  "description": "10 kg pkg.",
  "price": 36.0,
  "imageUrl": "/assets/images/productImages/69.jpg"
}
{
  "_id": {
    "$oid": "585d938d61abd85fd145749e"
  },
  "categoryID": 1,
  "featured": true,
  "productID": 70,
  "name": "Outback Lager",
  "description": "24 - 355 ml bottles",
  "price": 15.0,
  "imageUrl": "/assets/images/productImages/70.jpg"
}
{
  "_id": {
    "$oid": "585d938d61abd85fd145749f"
  },
  "categoryID": 4,
  "productID": 71,
  "name": "Flotemysost",
  "description": "10 - 500 g pkgs.",
  "price": 21.5,
  "imageUrl": "/assets/images/productImages/71.jpg"
}
{
  "_id": {
    "$oid": "585d938d61abd85fd14574a0"
  },
  "categoryID": 8,
  "productID": 73,
  "name": "Röd Kaviar",
  "description": "24 - 150 g jars",
  "price": 15.0,
  "imageUrl": "/assets/images/productImages/73.jpg"
}
{
  "_id": {
    "$oid": "585d938d61abd85fd14574a1"
  },
  "categoryID": 4,
  "productID": 72,
  "name": "Mozzarella di Giovanni",
  "description": "24 - 200 g pkgs.",
  "price": 34.8,
  "imageUrl": "/assets/images/productImages/72.jpg"
}
{
  "_id": {
    "$oid": "585d938d61abd85fd14574a2"
  },
  "categoryID": 7,
  "productID": 74,
  "name": "Longlife Tofu",
  "description": "5 kg pkg.",
  "price": 10.0,
  "imageUrl": "/assets/images/productImages/74.jpg"
}
{
  "_id": {
    "$oid": "585d938d61abd85fd14574a3"
  },
  "categoryID": 1,
  "productID": 75,
  "name": "Rhönbräu Klosterbier",
  "description": "24 - 0.5 l bottles",
  "price": 7.75,
  "imageUrl": "/assets/images/productImages/75.jpg"
}
{
  "_id": {
    "$oid": "585d938d61abd85fd14574a4"
  },
  "categoryID": 2,
  "productID": 77,
  "name": "Original Frankfurter grüne Soße",
  "description": "12 boxes",
  "price": 13.0,
  "imageUrl": "/assets/images/productImages/77.jpg"
}
{
  "_id": {
    "$oid": "585d938d61abd85fd14574a5"
  },
  "categoryID": 1,
  "productID": 76,
  "name": "Lakkalikööri",
  "description": "500 ml",
  "price": 18.0,
  "imageUrl": "/assets/images/productImages/76.jpg"
}